,accuracy,selection_rate,tpr,tnr,fpr,fnr,ppv,npv,f1,auc
Africa,0.6811594202898551,0.002070393374741201,0.0,0.996969696969697,0.0030303030303030303,1.0,0.0,0.6825726141078838,0.0,0.5930481283422461
Asia,0.7345132743362832,0.0029498525073746312,0.01098901098901099,1.0,0.0,0.989010989010989,1.0,0.7337278106508875,0.021739130434782608,0.6479528535980149
South America,0.7756756756756756,0.0,0.0,1.0,0.0,1.0,0.0,0.7756756756756756,0.0,0.6108895512363042
Oceania,0.8090909090909091,0.0,0.0,1.0,0.0,1.0,0.0,0.8090909090909091,0.0,0.6340288924558587
EU,0.8411669367909238,0.0,0.0,1.0,0.0,1.0,0.0,0.8411669367909238,0.0,0.6728304038378358
Arab/Middle East,0.7235023041474654,0.004608294930875576,0.01639344262295082,1.0,0.0,0.9836065573770492,1.0,0.7222222222222222,0.03225806451612903,0.6484342160571668
North America,0.803030303030303,0.003787878787878788,0.018867924528301886,1.0,0.0,0.9811320754716981,1.0,0.8022813688212928,0.037037037037037035,0.5708664937852096
