,accuracy,selection_rate,tpr,tnr,fpr,fnr,ppv,npv,f1,auc
Male,0.7470414201183432,0.028106508875739646,0.05813953488372093,0.9821428571428571,0.017857142857142856,0.9418604651162791,0.5263157894736842,0.7534246575342466,0.10471204188481675,0.6563422849760059
Female,0.6834319526627219,0.014792899408284023,0.014285714285714285,0.9849785407725322,0.015021459227467811,0.9857142857142858,0.3,0.6891891891891891,0.02727272727272727,0.602922542407521
Non-binary,0.5337837837837838,0.033783783783783786,0.029411764705882353,0.9625,0.0375,0.9705882352941176,0.4,0.5384615384615384,0.0547945205479452,0.6286764705882353
