,accuracy,selection_rate,tpr,tnr,fpr,fnr,ppv,npv,f1,auc
Africa,0.7082494969818913,0.01006036217303823,0.007042253521126761,0.9887323943661972,0.011267605633802818,0.9929577464788732,0.2,0.7134146341463414,0.013605442176870748,0.5619519936520532
South America,0.7423822714681441,0.008310249307479225,0.010869565217391304,0.9925650557620818,0.007434944237918215,0.9891304347826086,0.3333333333333333,0.7458100558659218,0.021052631578947368,0.5867544852109262
Asia,0.7255434782608695,0.010869565217391304,0.019801980198019802,0.9925093632958801,0.00749063670411985,0.9801980198019802,0.5,0.728021978021978,0.0380952380952381,0.6196833166462714
EU,0.8252911813643927,0.013311148086522463,0.0380952380952381,0.9919354838709677,0.008064516129032258,0.9619047619047619,0.5,0.8296795952782462,0.07079646017699115,0.6065380184331797
Oceania,0.7769230769230769,0.007692307692307693,0.0,0.9901960784313726,0.00980392156862745,1.0,0.0,0.7829457364341085,0.0,0.5885854341736695
North America,0.7772727272727272,0.00909090909090909,0.02040816326530612,0.9941520467836257,0.005847953216374269,0.9795918367346939,0.5,0.7798165137614679,0.0392156862745098,0.5618808927079604
Arab/Middle East,0.7174887892376681,0.026905829596412557,0.01694915254237288,0.9695121951219512,0.03048780487804878,0.9830508474576272,0.16666666666666666,0.7327188940092166,0.03076923076923077,0.5930653162463828
